{"duration": 0.03162813186645508, "input_args": {}, "time": 1710493039.838323}