{"duration": 0.1455533504486084, "input_args": {}, "time": 1710493103.185277}